eventid,feedback
0,""
0,""
0,""
0,""
1,"The Tech Expo was absolutely amazing and well organized!"
1,"Loved the innovations and the energy of the participants."
1,"Fantastic coordination and creative exhibits — a true success."
1,"A wonderful experience overall, very professional and inspiring."
1,"The projects were cutting-edge and presentation quality was top-notch."
1,"Brilliantly managed from start to finish, everything ran perfectly."
1,"Exceptional teamwork and seamless logistics — truly impressive."
1,"Very engaging stalls and passionate presenters — inspiring day!"
1,"The event exceeded all expectations, worth attending every year."
1,"Incredible vibe, excellent planning, and world-class displays."
1,"Good event"
2,"The hackathon was chaotic and poorly managed."
2,"Great initiative but not enough mentors."
2,"Extremely confusing schedule and constant delays ruined the flow."
2,"Lack of clear communication made it hard to participate effectively."
2,"The event felt disorganized and stressful throughout."
2,"Venue setup was terrible and technical issues wasted hours."
2,"Organizers were unresponsive and rules were inconsistent."
2,"No clarity on judging criteria — very frustrating experience."
2,"Overall disappointing event that lacked structure and fairness."
2,"Poorly executed with no sense of direction or leadership."
3,"Cybersecurity workshop was excellent and very informative."
3,"Loved the hands-on ethical hacking sessions."
3,"Brilliant instructor who explained complex topics very clearly."
3,"Engaging, practical, and insightful training — truly valuable."
3,"Perfect balance between theory and practice, highly recommend it."
3,"Extremely useful session with detailed demonstrations of tools."
3,"Trainer was outstanding — simplified every concept beautifully."
3,"The workshop boosted my confidence in real-world cybersecurity."
3,"Well structured, interactive, and worth every minute."
3,"Exceptional learning experience, would gladly attend again."
4,"AI Symposium was boring, too many slides and little engagement."
4,"Interesting topics but poor sound quality."
4,"Several talks dragged on without direction — very dull overall."
4,"Organization was weak and the event lacked excitement."
4,"Not interactive at all — disappointing experience."
4,"Speakers seemed unprepared and repeated similar content."
4,"The technical issues and low energy made it hard to focus."
4,"Very monotonous and lacking creativity — not inspiring at all."
4,"Sessions felt rushed yet still managed to be boring — poor design."
4,"Overall a letdown, did not meet expectations from last year."
5,"Robotics challenge was thrilling and very well conducted."
5,"Good event, but registration process was confusing."
5,"Amazing atmosphere and brilliant robot designs!"
5,"Thrilling to watch, excellent coordination by the organizers."
5,"Exciting matches but the results could have been announced faster."
5,"Outstanding creativity and innovation — truly next level."
5,"Smooth operations and fair judging — thoroughly enjoyable."
5,"Fun, energetic, and full of learning — loved every second!"
5,"Competitors were amazing and the audience was thrilled."
5,"Great event overall, just minor timing issues but fantastic execution."
